{"cameraMode":{"drawMode":0,"name":"Shaded","section":"Shading Mode"},"sceneLighting":true,"audioPlay":false,"sceneViewState":{"m_AlwaysRefresh":false,"showFog":true,"showSkybox":true,"showFlares":true,"showImageEffects":true,"showParticleSystems":true,"showVisualEffectGraphs":true,"m_FxEnabled":true},"in2DMode":false,"pivot":{"x":866.929931640625,"y":59.83599853515625,"z":300.51007080078127},"rotation":{"x":-0.0047996449284255508,"y":0.6016784310340881,"z":0.003600838826969266,"w":0.7987294793128967},"size":0.8660253882408142,"orthographic":false}